<?xml version="1.0" encoding="UTF-8" ?>
<!DOCTYPE log4j:configuration SYSTEM "log4j.dtd">

<log4j:configuration xmlns:log4j="http://jakarta.apache.org/log4j/">

	<appender name="appenderConsola" class="org.apache.log4j.ConsoleAppender">
		<!-- 
			<layout class="org.apache.log4j.SimpleLayout"/>
		-->
		<!--  
			<layout class="org.apache.log4j.PatternLayout">
			<param name="ConversionPattern" value="%l%m%n"/>
			</layout>
		-->
		<!--  milisegundos -->
		<!-- -->
		<layout class="org.apache.log4j.PatternLayout">
			<param name="ConversionPattern" value="%C{1} %m %n" />
		</layout>
		<!--  -->
	</appender>

   <appender name="appenderArchivo" class="org.apache.log4j.RollingFileAppender">
     <param name="Threshold" value="trace"/>
     <param name="File" value="kalos.log"/>
     <param name="Append" value="true"/>
     <param name="MaxFileSize" value="500KB"/>
     <param name="MaxBackupIndex" value="1"/>
     <layout class="org.apache.log4j.PatternLayout">
       <param name="ConversionPattern" value="%d %-5p [%c] %m%n"/>
     </layout>
   </appender>   

	<category name="org.springframework" additivity="false">
		<priority value="error" />
		<appender-ref ref="appenderConsola" />
		<appender-ref ref="appenderArchivo" />
	</category>


	<category name="kalos.dao" additivity="false">
		<priority value="error" />
		<appender-ref ref="appenderConsola" />
		<appender-ref ref="appenderArchivo" />
	</category>

	<root>
		<priority value="info" />
		<appender-ref ref="appenderConsola" />
		<appender-ref ref="appenderArchivo" />
	</root>

</log4j:configuration>
